ar-AE	https://www.tumi.ae/ar/collections/travel-backpacks
ar-KW	https://www.tumi.com.kw/ar/collections/travel-backpacks
ar-SA	https://www.tumi.sa/ar/collections/travel-backpacks
de-AT	https://at.tumi.com/rucksaecke/reiserucksaecke/
de-CH	https://ch.tumi.com/rucksaecke/reiserucksaecke/
de-DE	https://de.tumi.com/rucksaecke/reiserucksaecke/
de-LU	https://lu.tumi.com/de/rucksaecke/reiserucksaecke/
en-AE	https://www.tumi.ae/collections/travel-backpacks
en-AT	https://at.tumi.com/en/backpacks/travel-backpacks/
en-AU	https://www.tumi.com.au/backpacks/shop-by-purpose/travel-backpacks/
en-BE	https://be.tumi.com/en/backpacks/travel-backpacks/
en-ca	https://ca.tumi.com/en/c/backpacks/travel/
en-CH	https://ch.tumi.com/en/backpacks/travel-backpacks/
en-CZ	https://cz.tumi.com/en/backpacks/travel-backpacks/
en-DE	https://de.tumi.com/en/backpacks/travel-backpacks/
en-DK	https://dk.tumi.com/en/backpacks/travel-backpacks/
en-ES	https://es.tumi.com/en/backpacks/travel-backpacks/
en-FI	https://fi.tumi.com/en/backpacks/travel-backpacks/
en-FR	https://fr.tumi.com/en/backpacks/travel-backpacks/
en-GB	https://uk.tumi.com/backpacks/travel-backpacks/
en-HK	https://www.tumi-hk.com/en/backpacks/shop-by-purpose/travel-backpacks/
en-HU	https://hu.tumi.com/en/backpacks/travel-backpacks/
en-ID	https://www.tumi.co.id/en/backpacks/shop-by-purpose/travel-backpacks/
en-IE	https://ie.tumi.com/backpacks/travel-backpacks/
en-IN	https://www.tumi.in/collections/backpack-travel-backpacks/
en-IT	https://it.tumi.com/en/backpacks/travel-backpacks/
en-KW	https://www.tumi.com.kw/collections/travel-backpacks
en-LU	https://lu.tumi.com/en/backpacks/travel-backpacks/
en-MO	https://www.tumi-hk.com/en/backpacks/shop-by-purpose/travel-backpacks/
en-MY	https://www.tumi.my/backpacks/shop-by-purpose/travel-backpacks/
en-NL	https://nl.tumi.com/en/backpacks/travel-backpacks/
en-NO	https://no.tumi.com/en/backpacks/travel-backpacks/
en-PL	https://pl.tumi.com/en/backpacks/travel-backpacks/
en-SA	https://www.tumi.sa/collections/travel-backpacks
en-SE	https://se.tumi.com/en/backpacks/travel-backpacks/
en-SG	https://www.tumi.sg/backpacks/travel-backpacks/
en-SK	https://sk.tumi.com/en/backpacks/travel-backpacks/
en-TH	https://www.tumi.co.th/en/backpacks/travel-backpacks/
en-us	https://www.tumi.com/c/backpacks/travel/
es-cl	https://tumichile.cl/collections/mochilas-de-viaje
es-ES	https://es.tumi.com/mochilas/mochilas-de-viaje/
es-mx	https://tumi.com.mx/collections/mochilas-de-viaje
fr-BE	https://be.tumi.com/fr/sacs-a-dos/sacs-a-dos-de-voyage/
fr-ca	https://ca.tumi.com/fr/c/backpacks/travel/
fr-CH	https://ch.tumi.com/fr/sacs-a-dos/sacs-a-dos-de-voyage/
fr-FR	https://fr.tumi.com/sacs-a-dos/sacs-a-dos-de-voyage/
fr-LU	https://lu.tumi.com/sacs-a-dos/sacs-a-dos-de-voyage/
id-ID	https://www.tumi.co.id/id/backpacks/shop-by-purpose/travel-backpacks/
it-CH	https://ch.tumi.com/it/zaini/zaini-da-viaggio/
it-IT	https://it.tumi.com/zaini/zaini-da-viaggio/
ko-KR	https://www.tumi.co.kr/backpack/backpack-purpose/backpack-purpose-travel/
nl-BE	https://be.tumi.com/rugzakken/reisrugzakken/
nl-NL	https://nl.tumi.com/rugzakken/reisrugzakken/
pl-PL	https://pl.tumi.com/plecaki/plecaki-podrozne/
pt-br	https://tumibrasil.com/collections/mochilas-de-viagem
pt-pt	https://www.tumi.pt/mochilas/mochilas-de-viagem
th-TH	https://www.tumi.co.th/th/backpacks/travel-backpacks/
